{
  "categories": [
    {
      "id": 1,
      "name": "DETECTION - MEASUREMENT",
      "products": [
          { "id": 1, "name": "Product 1", "price": 10, "img": "/images/product1.jpg", "description": "Description for Product 1" },
          { "id": 2, "name": "Product 2", "price": 150, "img": "/images/product2.jpg", "description": "Description for Product 2" },
          { "id": 3, "name": "Product 3", "price": 120, "img": "/images/product3.jpg", "description": "Description for Product 3" }
        ]
    },
    {
      "id": 2,
      "name": "METROLOGY - LABORATORY",
      "products": [
        { "id": 4, "name": "Product 4", "price": 180, "img": "/images/product4.jpg", "discription": "dicription for the product4"  },
        { "id": 5, "name": "Product 5", "price": 200, "img": "/images/product5.jpg", "discription": "dicription for the product5"  }
      ]
    },
    {
      "id": 3,
      "name": "ROBOTICS - AUTOMATION - INDUSTRIAL IT",
      "products": [
        { "id": 6, "name": "Product 6", "price": 600, "img": "/images/product6.jpg"  },
        { "id": 7, "name": "Product 7", "price": 400, "img": "/images/product7.jpg"  }
      ]
    },
    {
      "id": 4,
      "name": "ELECTRICITY - ELECTRONICS",
      "products": [
        { "id": 8, "name": "Product 8", "price": 7600, "img": "/images/product8.jpg"  },
        { "id": 9, "name": "Product 9", "price": 55, "img": "/images/product9.jpg"  }
      ]
    },
    {
      "id": 5,
      "name": "POWER TRANSMISSION - MECHANICAL COMPONENTS",
      "products": [
        { "id": 10, "name": "Product 10", "price": 150 }
      ]
    },
    {
      "id": 6,
      "name": "HYDRAULICS - PNEUMATICS",
      "products": []
    },
    {
      "id": 7,
      "name": "MATERIALS - TOOLS - COMPONENTS",
      "products": []
    },
    {
      "id": 8,
      "name": "MACHINE-TOOLS",
      "products": []
    },
    {
      "id": 9,
      "name": "PRODUCTION MACHINES",
      "products": []
    },
    {
      "id": 10,
      "name": "INDUSTRIAL MACHINES AND EQUIPMENT",
      "products": []
    },
    {
      "id": 11,
      "name": "FOOD INDUSTRY",
      "products": []
    },
    {
      "id": 12,
      "name": "PACKING - HANDLING - LOGISTICS",
      "products": []
    },
    {
      "id": 13,
      "name": "ENVIRONMENT - HEALTH - SAFETY",
      "products": []
    },
    {
      "id": 14,
      "name": "BUILDING - CONSTRUCTION",
      "products": []
    }
  ]
}
